capacity,cost
0.04841830079461208,42.849998
0.06052287599326511,25.15
0.07262745119191813,14.62
0.08473202639057115,6.36
0.09683660158922416,0.0
