capacity,cost
2.870468875053139e-09,25.879998999999998
4.305703312579708e-09,6.65
5.740937750106278e-09,0.49
7.176172187632847e-09,0.0
