capacity,cost
73.88322180263216,44863.878906
81.26946905602182,37604.160156
88.65571630941149,31329.609375
96.04888159943745,25720.970703
103.4351240116538,20320.519531
110.82137610621677,15082.929688
118.21453102229994,10123.980469
125.60078380845907,6100.22998
132.98702552907926,3245.310059
140.3732783152384,1013.4600220000001
147.76644360526433,0.0
