capacity,cost
13.279607338832582,5576.84811770961
14.607195129935796,4674.421715149396
15.93478292103901,3894.457575494645
17.263614144789642,3197.270288448152
18.591201065751047,2525.961951145133
19.91878972699607,1874.8982497993459
21.247619086157105,1258.4712423232017
22.575207871708106,758.295022881068
23.902794668363537,403.41142440757045
25.230383453914534,125.97913408037407
26.559214677665164,0.0
