capacity,cost
153.85861382007408,44863.878906
169.24015425661167,37604.160156
184.62169469314924,31329.609375
200.01764164176427,25720.970703
215.39917199676785,20320.519531
230.78072251483943,15082.929688
246.17664786016726,10123.980469
261.55819981845804,6100.22998
276.9397287332425,3245.310059
292.32128069153316,1013.460022
307.71722764014817,0.0
