capacity,cost
196.4911239,84726.90625
209.5854882,71016.82031
222.6863509,59166.12891
235.7807055,48574.66016
248.8815779,38375.83984
261.9759325,28484.57031
275.0767855,19119.5293
288.1711595,11520.26953
301.2655342,6128.709961
314.3663865,1913.839966
327.4607411,0
