capacity,cost
13.92759214621885,5849.029958170611
15.320006053202988,4902.569064817083
16.713110989666102,4084.4694536474726
18.10552386114153,3353.298910998539
19.49862983311336,2649.234426844346
20.891042704588788,1966.401376782304
22.28414660554319,1319.895940898629
23.67656154803604,795.289295872515
25.068976559562802,423.08883627894335
26.46208039148329,132.11986359148128
27.85449326295872,0.0
