capacity,cost
162.4388690122367,84726.90625
178.67872855671786,71016.820312
194.92664764557978,59166.128906
211.16649511282162,48574.660156
227.41442627892286,38375.839844
243.6542737461647,28484.570312
259.9021807577872,19119.529297
276.1420523795078,11520.269531
292.3819248063775,6128.709961
308.6298310128508,1913.839966
324.86967848009266,0.0
