capacity,cost
0.7330919558607712,443.72000099999997
0.8022515743382025,371.690002
0.8783271546633769,310.01001
0.9474867731408082,254.36000099999998
1.0235623534659826,199.318573
1.0927219719434138,149.300003
1.1687975522685878,100.089996
1.2448731325937623,60.169998
1.3140327510711938,32.110001000000004
1.3901083313963678,9.96
1.4592679498737993,0.0
