capacity,cost
0.61373603,443.720001
0.652696119,371.690002
0.695552217,310.01001
0.734512307,254.360001
0.777368405,199.318573
0.816328494,149.300003
0.859184592,100.089996
0.90204069,60.169998
0.941000779,32.110001
0.983856877,9.96
1.022816966,0
