capacity,cost
122.88728760485048,443.720001
134.4804279449307,371.690002
147.23288231901898,310.01001
158.8260226590992,254.360001
171.57847703318745,199.318573
183.1716173732677,149.300003
195.92407174735595,100.089996
208.67652612144423,60.169998
220.26966646152442,32.110001
233.02212083561267,9.96
244.61526117569292,0.0
