capacity,cost
132.92766993290064,4048.459961
146.16528021667497,3393.370117
159.54078227423864,2827.120117
172.77839255801297,2321.01001
186.0160028417873,1833.689941
199.39150489935096,1361.069946
212.6291151831253,913.590027
226.00460345151157,550.469971
239.2422275244633,292.850006
252.61772958202693,91.449997
265.8553536549786,0.0
