capacity,cost
11.420496053429838,4796.205498658633
12.557806863729905,4020.1213723055234
13.706964661637265,3349.2856990425935
14.84427547193733,2749.697682487152
15.981586282237398,2172.3702006643666
17.13074408014476,1612.4578782920087
18.268054890444823,1082.3289728014895
19.417211503653423,652.1410924623586
20.55452349865225,346.9390391877494
21.70368129655961,108.34069811459237
22.840993291558433,0.0
