capacity,cost
0.757338009,4048.459961
0.807608315,3393.370117
0.85840227,2827.120117
0.908672576,2321.01001
0.958942882,1833.689941
1.009736837,1361.069946
1.060007143,913.590027
1.110801046,550.469971
1.161071404,292.850006
1.211865359,91.449997
1.262135718,0
