capacity,cost
128.13097514188755,2183.330078
140.9440726560763,1829.959961
153.75717017026506,1524.51001
166.5702676844538,1251.51001
179.38336519864257,988.640015
192.1964627128313,734.190002
205.00956022702007,492.809998
217.82265774120881,296.929993
230.63575525539756,157.970001
243.44885276958635,49.330002
256.2619502837751,0.0
