capacity,cost
11.00838746867901,4622.104513585608
12.10922621554691,3874.0208274724478
13.210064962414812,3227.3840172999444
14.31090370928271,2649.4436751942962
15.411742456150613,2092.948529261659
16.512581203018513,1554.278464931965
17.613419949886413,1043.2775781582552
18.714258696754314,628.6000796184896
19.815097443622214,334.4221114299251
20.915936190490118,104.43149535513662
22.01677493735802,0.0
