capacity,cost
0.6383152,2183.330078
0.680861599,1829.959961
0.723407998,1524.51001
0.765954397,1251.51001
0.808500796,988.640015
0.851047195,734.190002
0.893593594,492.809998
0.936139993,296.929993
0.978686392,157.970001
1.021232791,49.330002
1.063779189,0
