capacity,cost
432.6227532,111213
461.4675829,93216.88281
490.3015466,77662.07813
519.1355102,63758.87891
547.9694401,50372.26953
576.8034038,37388.83984
605.6373674,25096.59961
634.4712984,15121.59961
663.3161608,8044.549805
692.1500918,2512.27002
720.9840555,0
