capacity,cost
162.95183132039637,111213.0
179.25254660592338,93216.882812
195.54712127615258,77662.078125
211.84169594638178,63758.878906
228.136251540644,50372.269531
244.4308262108732,37388.839844
260.72540088110236,25096.599609
277.0199570907184,15121.599609
293.3206908368586,8044.549805
309.61524704647456,2512.27002
325.90982171670373,0.0
