capacity,cost
183.14158430689326,111213.0
201.461960325603,93216.882812
219.77543490598492,77662.078125
238.0889094863667,63758.87890599999
256.4023626272668,50372.269531
274.71583720764863,37388.839844
293.02931178803044,25096.599609
311.34276562052673,15121.599609
329.66316238712193,8044.549805
347.9766162196183,2512.27002
366.2900908,0.0
