capacity,cost
156.76385980077856,108557.203125
172.44085648615615,90991.296875
188.11785317153374,75807.726562
203.7948504633714,62236.859375
219.471847148749,49169.730469
235.1488250338641,36496.148438
250.8258217192417,24497.289062
266.5028184046193,14760.339844
282.17981569645696,7852.459961
297.85074171644203,2452.209961
313.5277196015571,0.0
