capacity,cost
178.77069088635017,108557.203125
196.64845641234328,90991.296875
214.52622193833642,75807.726562
232.40398815592565,62236.859375
250.28175368191876,49169.730469
268.15949776843007,36496.148438
286.03726329442316,24497.289062
303.91502882041624,14760.339844
321.79279503800547,7852.459961
339.663637686189,2452.209961
357.54138177270033,0.0
