capacity,cost
13.482601225474871,5662.244328638218
14.83091387222043,4746.022740588225
16.17922651896599,3954.0616139343933
17.527539217870633,3246.2176058696987
18.87585186461619,2564.6481253591623
20.224162894430126,1903.6056895483327
21.572475541175685,1277.756169699776
22.920788187921243,769.8858128670282
24.269100886825886,409.57712247646793
25.616891421135804,127.90502651688868
26.965202450949743,0.0
