capacity,cost
55.853309265565855,33916.851562
61.441402288965186,28428.740233999997
67.02258903286337,23684.939453
72.6106820562627,19444.990234
78.19878061243149,15362.429688
83.77996113196403,11402.490234
89.36805968813285,7653.689941
94.94923536649206,4611.569824
100.53733392266086,2453.340088
106.12543247882971,766.1400150000003
111.70661853113171,0.0
