capacity,cost
152.17169926726703,33916.851562
167.39639449510173,28428.740234
182.60227364379764,23684.939453
197.82696887163235,19444.990234
213.0516791734339,15362.429688
228.2575413639171,11402.490234
243.48225166571868,7653.689941
258.68810066648086,4611.569824
273.91281096828243,2453.340088
289.137521270084,766.140015
304.34339853453406,0.0
