capacity,cost
13.07384904740136,5490.636286570511
14.381880489251854,4602.192288542807
15.688295345498656,3834.241152016848
16.996326787349147,3147.856126198581
18.30435952428124,2486.9499971313667
19.610772923561242,1845.8944080237172
20.918805660493334,1239.0191241482166
22.225217926576942,746.5449016522716
23.533250663509026,397.15944995209844
24.84128340044112,124.0267292871515
26.14769809480272,0.0
