capacity,cost
163.42529556556372,82161.65625
179.76448218768098,68866.773438
196.1120296960775,57374.988281
212.4512163181948,47103.769531
228.79041547036442,37213.828125
245.1379370833194,27622.099609
261.47712370543667,18540.679688
277.8246712138332,11171.209961
294.16385783595047,5943.189941
310.5030436227309,1855.97998
326.85059196646426,0.0
