capacity,cost
494.1123517,82161.65625
527.0402857,68866.77344
559.9850693,57374.98828
592.9130034,47103.76953
625.8409627,37213.82813
658.7856941,27622.09961
691.7136281,18540.67969
724.6584117,11171.20996
757.5863458,5943.189941
790.5142782,1855.97998
823.4590634,0
