capacity,cost
135.3038768976503,82161.65625
148.8314968886435,68866.773438
162.3660390658501,57374.98828099999
175.89365905684326,47103.769531
189.42128942177916,37213.828125
202.9558101595041,27622.099608999997
216.48343015049727,18540.679688
230.01797232770386,11171.209961
243.545592318697,5943.189941
257.07321161809404,1855.97998
270.6077544868968,0.0
