capacity,cost
139.51586989639418,1472.25
153.427708774952,1233.72998
167.33954765350984,1028.140015
181.25138653206764,843.859985
195.16322541062547,666.929993
209.0750642891833,494.839996
222.98690316774113,332.380005
236.89874204629896,200.160004
250.81058092485677,106.629997
264.7224198034146,33.299999
278.6342586819724,0.0
