capacity,cost
2.4275026085578366,1472.25
2.6695612732288456,1233.72998
2.9116199378998555,1028.140015
3.153678602570865,843.8599849999997
3.3957372672418744,666.929993
3.6377959319128834,494.839996
3.879854596583893,332.380005
4.121913261254902,200.16000400000001
4.363971925925911,106.629997
4.606030590596921,33.299999
4.848089255267929,0.0
