capacity,cost
0.881337214,1472.25
0.940082055,1233.72998
0.998826896,1028.140015
1.057571736,843.859985
1.116316577,666.929993
1.175061417,494.839996
1.233806258,332.380005
1.292551099,200.160004
1.351295939,106.629997
1.41004078,33.299999
1.46878562,0
