capacity,cost
26.868510395289675,16316.009766
29.558822320446488,13675.929688
32.24221344258226,11393.900391
34.932521909758165,9354.25
37.61591579827868,7390.319823999997
40.306224957050745,5485.600098
42.98961884557127,3682.219971
45.6799300791319,2218.419922
48.36332120126768,1180.189941
51.05363036003975,368.559998
53.73702148217552,0.0
