capacity,cost
153.39525409753313,16316.009766
168.75453808051867,13675.929688
184.07431044479694,11393.900391
199.43357468579254,9354.25
214.75336284366279,7390.319824
230.11263103305632,5485.600098
245.43241919092657,3682.219971
260.79169922551415,2218.419922
276.1114715897924,1180.189941
291.470739779186,368.559998
306.79051214346424,0.0
