capacity,cost
12.62621795,16316.00977
13.46889262,13675.92969
14.30939951,11393.90039
15.1520731,9354.25
15.99258086,7390.319824
16.83525466,5485.600098
17.67576243,3682.219971
18.51843688,2218.419922
19.35894377,1180.189941
20.20161757,368.559998
21.04212447,0
