capacity,cost
154.27815389475325,25362.759766
169.70852679147185,21258.910156
185.13889968819043,17711.630859
200.56927258490904,14540.599609
215.99964548162765,11487.769531
231.42999794076965,8527.009766
246.86037083748826,5723.299805
262.29074373420684,3448.5
277.72111663092545,1834.630005
293.15148952764406,573.0
308.58186242436267,0.0
