capacity,cost
80.27688834,25362.75977
85.62768206,21258.91016
90.97847579,17711.63086
96.32926951,14540.59961
101.6800632,11487.76953
107.0308499,8527.009766
112.3816436,5723.299805
117.7324373,3448.5
123.083231,1834.630005
128.4340248,573
133.7848185,0
