capacity,cost
41.76549290692455,25362.759766
45.94273455455758,21258.910156
50.11997620219061,17711.630859
54.297217849823646,14540.599609
58.474459497456685,11487.769531
62.651695612320225,8527.009766
66.82893725995326,5723.299805
71.0061789075863,3448.5
75.18342055521933,1834.630005
79.36066220285234,573.0
83.53790385048539,0.0
