capacity,cost
2.1723777752401343e-07,27.15
2.896503700320179e-07,10.24
3.620629625400225e-07,1.32
4.3447555504802685e-07,0.09
5.068881475560316e-07,0.0
