capacity,cost
0,74.7099990844727
3.6558652130822757,0
