capacity,cost
0,74.7099990844727
107.67965113974236,0
