capacity,cost
0,74.7099990844727
141.96111793855306,0
