capacity,cost
0,74.7099990844727
116.18311992071361,0
