capacity,cost
0,-13867.66966526494
185.619995117188,0
