capacity,cost
0,12661.13816754166
185.619995117188,0
