capacity,cost
0,74.7099990844727
86.56876122893956,0
