capacity,cost
0,74.7099990844727
34.468551040634296,0
