capacity,cost
0.013837111371150415,13.26
0.020755667056725626,6.13
0.027674222742300837,1.31
0.034592778427876045,0.0
