capacity,cost
2.034710414,37.119999
4.069420827,0
