capacity,cost
1.017355207,0
4.069420827,37.119999
