capacity,cost
1.017355207,37.119999
4.069420827,0
