capacity,cost
1.016317678,11.12
4.065270711,0
