capacity,cost
2.032635356,11.12
4.065270711,0
