capacity,cost
1.016317678,0
4.065270711,11.12
