capacity,cost
1.018335958,5.02
4.073343829,0
