capacity,cost
2.036671915,5.02
4.073343829,0
