capacity,cost
1.018335958,0
4.073343829,5.02
