capacity,cost
1.014379558,357.339996
4.05751823,0
