capacity,cost
1.014379558,0
4.05751823,357.339996
