capacity,cost
2.028759115,357.339996
4.05751823,0
