capacity,cost
0.917927083, 158.729996
3.671708332,0
