capacity,cost
0.917927083,0
3.671708332,158.729996
