capacity,cost
1.835854166,158.729996
3.671708332,0
