capacity,cost
0.03199921171607273,12.25
0.04266561562143032,2.0
0.0533320195267879,0.0
