capacity,cost
0.0533320195267879,37.41
0.06399842343214547,22.83
0.07466482733750307,11.29
0.08533123124286064,3.76
0.0959976351482182,0.51
0.1066640390535758,0.0
