capacity,cost
0.0533320195267879,28.549999
0.06399842343214547,16.01
0.07466482733750307,6.82
0.08533123124286064,1.58
0.0959976351482182,0.0
