capacity,cost
0.02133280781071516,23.620001000000002
0.03199921171607273,8.62
0.04266561562143032,0.85
0.0533320195267879,0.0
