capacity,cost
0,171.520004
40.69420827,0
