capacity,cost
2.034710414,0
40.69420827,171.520004
