capacity,cost
2.034710414,171.520004
40.69420827,0
