capacity,cost
40.69420827,171.520004
406.9420827,0
