capacity,cost
2.032635356,28.43
40.65270711,0
