capacity,cost
2.032635356,0
40.65270711,28.43
