capacity,cost
40.65270711,28.43
406.5270711,0
