capacity,cost
2.036671915,48.639999
40.73343829,0
