capacity,cost
0,48.639999
40.73343829,0
