capacity,cost
2.036671915,0
40.73343829,48.639999
