capacity,cost
40.73343829,48.639999
407.3343829,0
