capacity,cost
0,-1214.680054
40.5751823,0
