capacity,cost
40.5751823,1214.680054
405.751823,0
