capacity,cost
2.028759115,1214.680054
40.5751823,0
