capacity,cost
2.028759115,0
40.5751823,1214.680054
