capacity,cost
1.835854166,539.549988
36.71708332,0
