capacity,cost
0,-539.549988
36.71708332,0
