capacity,cost
36.71708332,539.549988
367.1708332,0
