capacity,cost
1.835854166,0
36.71708332,539.549988
