capacity,cost
6.320969603,0
10.5341623,0
