capacity,cost
6.140347622,0
10.23314816,0
