capacity,cost
0.019179251,0
0.03196303,0
