capacity,cost
0.023666813,0
0.039441741,0
