capacity,cost
0.01994735,0
0.0332431,0
