capacity,cost
13.51946104,0
22.53075173,0
