capacity,cost
18.00540855,0
30.00677237,0
