capacity,cost
0.642776498,0
1.07121413,0
