capacity,cost
15.44101099,0
25.73309573,0
