capacity,cost
0.027541788,0
0.045899551,0
