capacity,cost
0.394569311,0
0.65756639,0
