capacity,cost
2.508652761,0
4.180775578,0
