capacity,cost
117.4395179,1953.857888
279.7241549,1345.997842
477.1318699,934.945992
838.4395179,506.6018962
