capacity,cost
117.4395179,2512.553674
279.7344249,1730.824085
477.1397439,1202.267386
838.4395179,651.435975
