capacity,cost
116.8268183,2707.533324
310.2832393,1824.092895
549.6443233,1270.70714
987.8268183,674.3116813
