capacity,cost
114.8553632,2089.552005
315.0000162,1395.87679
573.5002602,955.3418178
1010.855363,513.0839767
