capacity,cost
114.8553632,2106.373758
301.8093122,1438.160978
547.6260542,991.7185882
1010.855363,513.1609879
