capacity,cost
121.7611471,2143.66761
262.0060201,1470.27754
434.6532981,982.4191052
692.7611471,561.6558503
