capacity,cost
1.0885439978399098e-07,20.379998999999998
1.6328159967598647e-07,4.38
2.17708799567982e-07,0.21
2.721359994599775e-07,0.0
