capacity,cost
2.034710414,13.22561769
40.69420827,264.5123538
