capacity,cost
2.032635356,13.21212981
40.65270711,264.2425962
