capacity,cost
2.036671915,13.23836745
40.73343829,264.7673489
