capacity,cost
2.028759115,13.18693425
40.5751823,263.738685
