capacity,cost
1.835854166,11.93305208
36.71708332,238.6610416
